<?xml version="1.0" encoding="UTF-8" standalone="yes" ?>
<addon id="plugin.video.ibomma" name="ibomma" version="0.1" provider-name="b3608278">
	<requires>
		<import addon="xbmc.python" version="3.0.0" />
		<import addon="script.module.inputstreamhelper" version="0.3.3"/>
		<import addon="script.module.requests" />
		<import addon="script.module.six"/>
		<import addon="script.module.resolveurl" version="5.0.00"/>
	</requires>
	<extension point="xbmc.python.pluginsource" library="main.py">
		<provides>video</provides>
	</extension>
	<extension point="xbmc.addon.metadata">
		<description lang="en">ibomma</description>	
		<summary lang="en">ibomma</summary>
		<language>en</language>
		<platform>all</platform>
		<license>GNU GENERAL PUBLIC LICENSE. Version 2, June 1991</license>
		<assets>
			<icon>icon.png</icon>
			<fanart>fanart.jpg</fanart>
		</assets>
	</extension>
</addon>
